Rank,Name,Team,Position,Played,FantasyPointsPerGamePPR,StDev_PointsPerGamePPR
1,CeeDee Lamb,DAL,WR,17,23.7,10.44
4,Puka Nacua,LAR,WR,17,17.6,8.63
5,A.J. Brown,PHI,WR,17,17,9.23
6,DJ Moore,CHI,WR,17,16.9,11.35
7,Mike Evans,TB,WR,17,16.6,8.38
9,Stefon Diggs,BUF,WR,17,16.1,8.14
10,Davante Adams,LV,WR,17,15.6,10.78
17,Adam Thielen,CAR,WR,17,13.6,8.82
18,Calvin Ridley,JAX,WR,17,13.5,8.69
22,DeAndre Hopkins,TEN,WR,17,13.2,8.33
23,Jordan Addison,MIN,WR,17,13,8.01
26,Garrett Wilson,NYJ,WR,17,12.5,5.3
28,Terry McLaurin,WAS,WR,17,12.3,6.17
28,Chris Godwin,TB,WR,17,12.3,5.11
30,George Pickens,PIT,WR,17,12.3,8.92
32,Tyler Lockett,SEA,WR,17,11.9,6.98
36,Romeo Doubs,GB,WR,17,10.3,5.46
41,Gabe Davis,BUF,WR,17,9.5,9.22
43,Josh Downs,IND,WR,17,9.2,5.16
45,Darius Slayton,NYG,WR,17,8.9,5.99
47,Jaxon Smith-Njigba,SEA,WR,17,8.8,4.06
49,Tyler Boyd,CIN,WR,17,8.5,4.69
54,Elijah Moore,CLE,WR,17,7.8,4.34
55,Josh Reynolds,DET,WR,17,7.6,6.26
56,Jahan Dotson,WAS,WR,17,7.3,6.36
61,Khalil Shakir,BUF,WR,17,6.7,5.83
66,Rondale Moore,ARI,WR,17,6.2,3.9
70,Kalif Raymond,DET,WR,17,5.7,3.79
71,Nelson Agholor,BAL,WR,17,5.7,4.71
72,Trey Palmer,TB,WR,17,5.6,3.69
73,Alec Pierce,IND,WR,17,5.6,4.5
74,Quentin Johnston,LAC,WR,17,5.5,3.94
78,Michael Gallup,DAL,WR,17,5.2,5.1
90,Chris Moore,TEN,WR,17,4,2.46
91,Brandon Powell,MIN,WR,17,3.9,3.74
95,Allen Robinson II,PIT,WR,17,3.6,3.08
98,Jalin Hyatt,NYG,WR,17,3.5,4.59
100,Isaiah Hodgins,NYG,WR,17,3.5,4.1
102,Jalen Tolbert,DAL,WR,17,3.5,4.11
104,Jake Bobo,SEA,WR,17,3.3,4.38
108,Calvin Austin III,PIT,WR,17,3.1,4.07
108,Xavier Gipson,NYJ,WR,17,3.1,3.54
114,Hunter Renfrow,LV,WR,17,2.9,2.75
115,Lil'Jordan Humphrey,DEN,WR,17,2.8,4.51
120,Van Jefferson,ATL,WR,17,2.4,2.24
124,Scotty Miller,ATL,WR,17,2.3,3.33
125,Olamide Zaccheaus,PHI,WR,17,2.3,3.94
126,KhaDarel Hodge,ATL,WR,17,2.2,3.17
128,Jamison Crowder,WAS,WR,17,2.1,6.17
128,Tyler Scott,CHI,WR,17,2.1,2.05
131,Dyami Brown,WAS,WR,17,2.1,3.61
132,Deven Thompkins,TB,WR,17,2.1,3.83
138,Ronnie Bell,SF,WR,17,1.8,3.7
140,Derius Davis,LAC,WR,17,1.7,2.17
143,Byron Pringle,WAS,WR,17,1.7,2.27
146,Ihmir Smith-Marsette,CAR,WR,17,1.6,3.28
148,Trent Sherfield,BUF,WR,17,1.5,2.97
155,Ben Skowronek,LAR,WR,17,1.3,2.61
161,Tim Jones,JAX,WR,17,1.1,1.97
176,DeAndre Carter,LV,WR,17,0.6,0.98
190,Miles Boykin,PIT,WR,17,0.3,0.74
244,Trent Taylor,CHI,WR,17,0,0
2,Tyreek Hill,MIA,WR,16,23.5,9.37
3,Amon-Ra St. Brown,DET,WR,16,20.7,6.64
11,Ja'Marr Chase,CIN,WR,16,16.4,12.12
13,Michael Pittman Jr.,IND,WR,16,15.6,5.87
14,Brandon Aiyuk,SF,WR,16,15.6,7.33
16,Chris Olave,NO,WR,16,14.5,5.6
19,DeVonta Smith,PHI,WR,16,14.2,6.83
21,DK Metcalf,SEA,WR,16,14.1,7.5
24,Jakobi Meyers,LV,WR,16,13.7,7.12
25,Jayden Reed,GB,WR,16,13.6,6.51
27,Rashee Rice,KC,WR,16,13.3,5.65
31,Zay Flowers,BAL,WR,16,12.9,6.43
35,Courtland Sutton,DEN,WR,16,11.9,5.88
37,Drake London,ATL,WR,16,10.9,6.97
38,Brandin Cooks,DAL,WR,16,10.8,7.9
42,Curtis Samuel,WAS,WR,16,9.8,6.25
50,Jerry Jeudy,DEN,WR,16,8.9,3.69
57,K.J. Osborn,MIN,WR,16,7.5,5.69
62,Tutu Atwell,LAR,WR,16,7,5.62
77,Justin Watson,KC,WR,16,5.6,4.38
79,Demarcus Robinson,LAR,WR,16,5.5,7.04
85,Rashod Bateman,BAL,WR,16,4.8,2.19
88,Tre Tucker,LV,WR,16,4.5,5.77
92,Marvin Mims Jr.,DEN,WR,16,4,5.22
93,Greg Dortch,ARI,WR,16,4,5.73
94,Trenton Irwin,CIN,WR,16,3.9,4.48
101,KaVontae Turpin,DAL,WR,16,3.7,3.74
103,Braxton Berrios,MIA,WR,16,3.6,4.11
105,Marquez Valdes-Scantling,KC,WR,16,3.5,4.05
111,Andrei Iosivas,CIN,WR,16,3.2,5.7
133,Deonte Harty,BUF,WR,16,2.1,2.56
136,John Metchie III,HOU,WR,16,2,1.24
153,Xavier Hutchinson,HOU,WR,16,1.4,1.36
179,Britain Covey,PHI,WR,16,0.5,2.05
188,Austin Trammell,LAR,WR,16,0.3,1.76
204,Matthew Slater,NE,WR,16,0,0
12,Nico Collins,HOU,WR,15,17.4,10.71
15,Deebo Samuel,SF,WR,15,16.2,10.4
20,Amari Cooper,CLE,WR,15,15.1,12.01
48,Rashid Shaheed,NO,WR,15,10,7.02
53,Wan'Dale Robinson,NYG,WR,15,8.9,5.39
58,Dontayvion Wicks,GB,WR,15,8,5.73
59,DJ Chark Jr.,CAR,WR,15,7.7,7
81,Jonathan Mingo,CAR,WR,15,5.7,3.48
83,Darnell Mooney,CHI,WR,15,5.3,4.35
89,Cedrick Wilson Jr.,MIA,WR,15,4.6,3.58
113,David Bell,CLE,WR,15,3.2,6.79
141,Donovan Peoples-Jones,DET,WR,15,1.9,2.19
151,Lynn Bowden Jr.,NO,WR,15,1.5,2.27
159,Sterling Shepard,NYG,WR,15,1.4,2.18
999,"League Average (8+ Games, 5+ PPG)",NFL,WR,14.35,11.14,6.67
34,Jaylen Waddle,MIA,WR,14,14.2,6.19
52,Marquise Brown,ARI,WR,14,9.6,6.24
63,Odell Beckham Jr.,BAL,WR,14,7.7,5.25
64,Demario Douglas,NE,WR,14,7.7,3.74
76,Robert Woods,HOU,WR,14,6.4,3.71
80,Nick Westbrook-Ikhine,TEN,WR,14,6.1,4.42
99,Allen Lazard,NYJ,WR,14,4.3,3.99
106,Skyy Moore,KC,WR,14,3.8,4.12
118,Cedric Tillman,CLE,WR,14,3.2,3.22
172,Velus Jones Jr.,CHI,WR,14,0.8,0.99
184,Zach Pascal,ARI,WR,14,0.4,1.27
8,Keenan Allen,LAC,WR,13,21.5,11.15
44,Diontae Johnson,PIT,WR,13,11.7,5.89
60,Michael Wilson,ARI,WR,13,8.8,7.03
86,Brandon Johnson,DEN,WR,13,5.6,6.64
87,DeVante Parker,NE,WR,13,5.6,3.64
107,Kadarius Toney,KC,WR,13,4.1,3.05
110,Jauan Jennings,SF,WR,13,4,3.94
119,Mack Hollins,ATL,WR,13,3.3,2.92
134,Malik Heath,GB,WR,13,2.6,2.94
157,Isaiah McKenzie,IND,WR,13,1.6,2.11
165,Keith Kirkwood,NO,WR,13,1.1,2.5
174,Ty Montgomery II,NE,WR,13,0.8,1.3
181,Devin Duvernay,BAL,WR,13,0.6,1.25
40,Cooper Kupp,LAR,WR,12,13.7,8.58
46,Christian Kirk,JAX,WR,12,12.5,5.73
51,Tee Higgins,CIN,WR,12,11.5,9.12
82,Jameson Williams,DET,WR,12,6.7,4.04
139,Parris Campbell,NYG,WR,12,2.5,2.66
141,Ray-Ray McCloud III,SF,WR,12,2.4,2.34
154,Chase Claypool,MIA,WR,12,1.8,3.78
168,Marquise Goodwin,CLE,WR,12,1.2,2.24
204,Irvin Charles,NYJ,WR,12,0,0
245,Gunner Olszewski,NYG,WR,12,-0.2,0
39,Tank Dell,HOU,WR,11,15,10.05
96,JuJu Smith-Schuster,NE,WR,11,5.5,3.81
121,Jamal Agnew,JAX,WR,11,3.7,4.8
122,Treylon Burks,TEN,WR,11,3.6,3.35
127,Julio Jones,PHI,WR,11,3.3,5.06
147,Mecole Hardman Jr.,KC,WR,11,2.3,4.06
151,Jalen Reagor,NE,WR,11,2,2.24
162,Samori Toure,GB,WR,11,1.6,1.68
163,Randall Cobb,NYJ,WR,11,1.5,2.56
165,Charlie Jones,CIN,WR,11,1.3,2.96
196,Tylan Wallace,BAL,WR,11,0.2,0.69
33,Justin Jefferson,MIN,WR,10,20.2,9.88
65,Joshua Palmer,LAC,WR,10,10.7,5.85
67,Noah Brown,HOU,WR,10,10.2,9.77
75,Michael Thomas,NO,WR,10,9,4.19
97,A.T. Perry,NO,WR,10,6.1,6.08
145,River Cracraft,MIA,WR,10,2.7,4.07
170,Justyn Ross,KC,WR,10,1.1,1.79
173,Rakim Jarrett,TB,WR,10,1,1.69
200,Colton Dowell,TEN,WR,10,0.1,0.45
204,DJ Turner,LV,WR,10,0,0
204,James Proche II,CLE,WR,10,0,0
68,Christian Watson,GB,WR,9,11.3,7.45
84,Zay Jones,JAX,WR,9,8.7,4.96
123,Parker Washington,JAX,WR,9,4.4,5.76
130,Quez Watkins,PHI,WR,9,3.9,7.74
135,Terrace Marshall Jr.,CAR,WR,9,3.7,4.64
137,Kyle Philips,TEN,WR,9,3.5,3.85
144,Tyquan Thornton,NE,WR,9,3,1.49
150,Robbie Chosen,MIA,WR,9,2.5,4.79
160,Richie James,KC,WR,9,2.2,2.29
182,Elijah Cooks,JAX,WR,9,0.8,2.72
201,Antoine Green,DET,WR,9,0.1,0.48
204,N'Keal Harry,MIN,WR,9,0,0
69,Kendrick Bourne,NE,WR,8,12.5,6.47
117,Alex Erickson,LAC,WR,8,0,4.64
149,Jalen Guyton,LAC,WR,8,3.1,4.31
155,Laviska Shenault Jr.,CAR,WR,8,2.7,1.22
174,Chris Conley,SF,WR,8,1.2,3.69
204,Juwann Winfree,IND,WR,8,0,0
158,David Moore,TB,WR,7,2.9,5.17
164,Jason Brownlee,NYJ,WR,7,2.4,2.99
167,D.J. Montgomery,IND,WR,7,2.1,5.33
169,Jalen Brooks,DAL,WR,7,1.8,2.76
171,Equanimeous St. Brown,CHI,WR,7,1.6,1.51
188,Trishton Jackson,MIN,WR,7,0.7,1.23
198,Cody Thompson,SEA,WR,7,0.3,0.8
180,Simi Fehoko,LAC,WR,6,1.3,3.42
183,Marvin Jones Jr.,DET,WR,6,1.1,1.55
184,Jalen Nailor,MIN,WR,6,1,1.5
199,Mason Kinsey,TEN,WR,6,0.3,0.69
204,Montrell Washington,KC,WR,6,0,0
204,Dareke Young,SEA,WR,6,0,0
116,Bo Melton,GB,WR,5,9.2,7.48
177,Keelan Doss,LAC,WR,5,1.9,3.2
191,Kayshon Boutte,NE,WR,5,0.8,0.93
194,Laquon Treadwell,BAL,WR,5,0.5,1.13
204,Andre Baccellia,ARI,WR,5,0,0
187,Mike Strachan,CAR,WR,4,1.4,2.59
192,Willie Snead IV,SF,WR,4,0.8,0.82
203,Dee Eskridge,SEA,WR,4,0.1,0.47
204,Dan Chisena,ARI,WR,4,0,0
112,Mike Williams,LAC,WR,3,16.7,6.78
186,Steven Sims,HOU,WR,3,1.9,1.7
193,Malik Taylor,NYJ,WR,3,1.1,0.05
196,Collin Johnson,CHI,WR,3,0.7,1.05
204,Amari Rodgers,IND,WR,3,0,0
204,Stanley Morgan,CIN,WR,3,0,0
204,Shedrick Jackson,CIN,WR,3,0,0
204,David Sills,DEN,WR,3,0,0
204,Marquez Callaway,NO,WR,3,0,0
204,Ethan Fernea,IND,WR,3,0,0
204,Lucky Jackson,MIN,WR,3,0,0
195,Erik Ezukanma,MIA,WR,2,1.1,0.6
204,Phillip Dorsett,DEN,WR,2,0,0
204,Kristian Wilkerson,LV,WR,2,0,0
204,Kearis Jackson,TEN,WR,2,0,0
204,Mitchell Tinsley,WAS,WR,2,0,0
204,Jacob Harris,JAX,WR,2,0,0
204,Devon Allen,PHI,WR,2,0,0
204,Andy Isabella,BUF,WR,2,0,0
178,Tyler Johnson,LAR,WR,1,8.8,0
201,Kwamie Lassiter II,CIN,WR,1,1.2,0
204,Kirk Merritt,NO,WR,1,0,0
204,Dez Fitzpatrick,PIT,WR,1,0,0
204,Dylan Drummond,DET,WR,1,0,0
204,Jaelon Darden,CLE,WR,1,0,0
204,Easop Winston Jr.,SEA,WR,1,0,0
204,Tre'Quan Smith,DEN,WR,1,0,0
204,Damiere Byrd,ATL,WR,1,0,0
204,Frank Darby,ATL,WR,1,0,0
204,Terrell Bynum,LAC,WR,1,0,0
204,Chris Blair,ATL,WR,1,0,0
204,Ryan Miller,TB,WR,1,0,0
204,Chase Cota,HOU,WR,1,0,0
204,Tay Martin,SF,WR,1,0,0
204,Michael Bandy,DEN,WR,1,0,0
204,Johnny Johnson III,HOU,WR,1,0,0
204,Cephus Johnson,TB,WR,1,0,0
